4413,4413@paperboy.fake
4774,4774@paperboy.fake
6299,6299@paperboy.fake
8823,8823@paperboy.fake
9407,9407@paperboy.fake
9626,9626@paperboy.fake
19591,19591@paperboy.fake
25518,25518@paperboy.fake
28363,28363@paperboy.fake
30868,30868@paperboy.fake
32028,32028@paperboy.fake
37299,37299@paperboy.fake
40849,40849@paperboy.fake
44008,44008@paperboy.fake
58092,58092@paperboy.fake
60786,60786@paperboy.fake
63083,63083@paperboy.fake
63085,63085@paperboy.fake
64024,64024@paperboy.fake
68619,68619@paperboy.fake
77229,77229@paperboy.fake
84226,84226@paperboy.fake
85510,85510@paperboy.fake
90948,90948@paperboy.fake
97412,97412@paperboy.fake
100402,100402@paperboy.fake
108653,108653@paperboy.fake
123538,123538@paperboy.fake
126821,126821@paperboy.fake
127209,127209@paperboy.fake
127508,127508@paperboy.fake
146353,146353@paperboy.fake
149636,149636@paperboy.fake
150886,150886@paperboy.fake
156852,156852@paperboy.fake
166207,166207@paperboy.fake
176188,176188@paperboy.fake
184324,184324@paperboy.fake
188931,188931@paperboy.fake
191373,191373@paperboy.fake
202344,202344@paperboy.fake
210565,210565@paperboy.fake
212399,212399@paperboy.fake
215020,215020@paperboy.fake
222975,222975@paperboy.fake
233860,233860@paperboy.fake
254677,254677@paperboy.fake
265024,265024@paperboy.fake
266742,266742@paperboy.fake
275941,275941@paperboy.fake
279263,279263@paperboy.fake
286562,286562@paperboy.fake
288093,288093@paperboy.fake
292701,292701@paperboy.fake
301711,301711@paperboy.fake
304362,304362@paperboy.fake
314587,314587@paperboy.fake
321730,321730@paperboy.fake
324656,324656@paperboy.fake
327721,327721@paperboy.fake
327988,327988@paperboy.fake
340066,340066@paperboy.fake
348286,348286@paperboy.fake
354764,354764@paperboy.fake
367920,367920@paperboy.fake
368693,368693@paperboy.fake
376108,376108@paperboy.fake
382542,382542@paperboy.fake
382607,382607@paperboy.fake
386126,386126@paperboy.fake
386442,386442@paperboy.fake
400764,400764@paperboy.fake
418462,418462@paperboy.fake
434658,434658@paperboy.fake
452769,452769@paperboy.fake
453197,453197@paperboy.fake
455355,455355@paperboy.fake
472524,472524@paperboy.fake
509250,509250@paperboy.fake
517863,517863@paperboy.fake
522501,522501@paperboy.fake
528834,528834@paperboy.fake
538232,538232@paperboy.fake
551244,551244@paperboy.fake
554917,554917@paperboy.fake
556015,556015@paperboy.fake
575156,575156@paperboy.fake
605206,605206@paperboy.fake
649723,649723@paperboy.fake
667341,667341@paperboy.fake
668051,668051@paperboy.fake
673086,673086@paperboy.fake
688296,688296@paperboy.fake
695042,695042@paperboy.fake
711162,711162@paperboy.fake
711730,711730@paperboy.fake
714373,714373@paperboy.fake
723032,723032@paperboy.fake
743716,743716@paperboy.fake
755542,755542@paperboy.fake
